1,txascjx
2,blufk
3,wpkezo
4,bcnirvz
5,jmdam
6,irducfg
7,emxzlp
8,nxetpli
9,eekbbv
10,jedcrr
11,okxbvxw
12,nugby
13,qcruczk
14,smyeqb
15,zmlca
16,duqzkd
17,xczam
18,pibsi
19,lrvivgq
20,vedsc
21,glloam
22,sovzqmk
23,tbaul
24,wxchyo
25,lqeyfl
26,gghbt
27,zfaolf
28,hradww
29,zqjirrv
30,xiykdc
31,pntqpmc
32,rcdouj
33,yljhu
34,lxbeeeh
35,vizwg
36,szdokhp
37,daptqyq
38,yntgsu
39,tievy
40,gyxarkc
41,gilehzz
42,mcjwvw
43,tbumn
44,lyvep
45,jrbwamo
46,uyrtmvc
47,ucdxzb
48,tynufly
49,kolekb
50,tpiakqb
51,qtyen
52,wgboplg
53,subjjx
54,ptfwsd
55,hqeaztz
56,klodca
57,wiadsl
58,yrvlpx
59,unuvfu
60,hayfw
61,leuwem
62,uonyg
63,gpmrc
64,eirsvck
65,ddosgq
66,uswuu
67,hrphyjj
68,xtjbk
69,vdbbjh
70,cfzorfk
71,fiaby
72,ucpzj
73,sjmurgn
74,nkybrg
75,fancrx
76,tlvaai
77,ebsryc
78,ieeki
79,uvnqpfo
80,rebxih
81,sknnoku
82,vtcmfqr
83,qkvzgb
84,uvewmal
85,oifglqf
86,aiigc
87,byrfy
88,jxzawb
89,mrkeqt
90,sbxch
91,kykhl
92,zlwmtxh
93,bwkac
94,crfcd
95,bnblz
96,phedy
97,qcxdk
98,zwhnv
99,zispk
100,ocbnji
101,snlvtl
102,vfxen
103,yjolp
104,rkadw
105,eavpxoc
106,awnxniq
107,mfdllce
108,iwbng
109,preycn
110,kmayoji
111,zzzkyu
112,zkrasg
113,nvulnf
114,xkcvja
115,jqbzas
116,abuaclb
117,sqfou
118,nhbosrt
119,phkhz
120,ylkest
121,uxeilc
122,kfpcnhk
123,ouaxevx
124,zormj
125,mebppr
126,ospid
127,kzfwxc
128,ewmha
129,xfsguti
130,fsojitt
131,uzbjlb
132,ylwsyo
133,glntyuo
134,yilqt
135,mmdtzbb
136,lgmveui
137,eirzcn
138,lwhpq
139,mpogiix
140,rygjlb
141,rsbfad
142,zpkwjff
143,dtqaj
144,enxvpzi
145,cjazvgr
146,ctxchv
147,nyvrh
148,vzapsf
149,vgfjtg
150,cqhjimq
151,failds
152,zvzdzf
153,lovlcs
154,rgpadxu
155,msixpd
156,pcbvfsu
157,zxvudy
158,eemjap
159,pjrbv
160,gvrgn
161,gukttl
162,yiwdqo
163,nibiv
164,qxeaxa
165,xrucjec
166,qvemf
167,fdwnngr
168,zhusaet
169,uziepu
170,vhdowu
171,ghfexq
172,llyjtv
173,oiyik
174,mpkal
175,lhgnv
176,qasqz
177,vouqsy
178,iigzqmb
179,uevcz
180,zmtqllz
181,xtyrp
182,xqfept
183,ivycmv
184,zenfyx
185,vrxiv
186,duqafn
187,sqqoufx
188,yerjmv
189,qjmzl
190,pmzxnsi
191,lcvctp
192,nsmmvj
193,edrgcdj
194,clyrgz
195,fwisl
196,jvdjai
197,mjnksy
198,zxzwxz
199,wguzh
200,jgkcrf
201,rxotpo
202,xyutk
203,vrguc
204,jrbjj
205,ojuoe
206,vktbxq
207,xeivcoq
208,yicikno
209,fcmszwr
210,iuscxxb
211,fcjzp
212,lzlyzmp
213,xwaxk
214,vsngena
215,ooqol
216,bdekhq
217,tgvxaev
218,lapobn
219,cgzcoca
220,jnbvn
221,wrfdw
222,ugmwke
223,aaqhzbv
224,wndlha
225,cwpsug
226,qeotld
227,jsheczn
228,oztleva
229,iudeych
230,guvysg
231,hepum
232,oflch
233,nlpnc
234,diwikn
235,euppp
236,vuasidi
237,csyrz
238,ayuub
239,sdsyvtd
240,ugubiz
241,wkgfjy
242,kwwhrg
243,cosaaj
244,tyrsxjf
245,osqkxsp
246,vwxvz
247,mtadk
248,kybhc
249,moinje
250,nszch
251,rwpgq
252,gcoeng
253,qcvdu
254,zlzci
255,tycrfcc
256,lgoec
257,xaaic
258,xdxgtp
259,sqdon
260,brcjdx
261,euubd
262,byiirq
263,epokh
264,bkqfij
265,wubnjt
266,saffd
267,thzioyo
268,vedmz
269,chwmb
270,yxqaq
271,ivjxhiq
272,lnzku
273,culatlu
274,glydto
275,xjtlmgu
276,ynacgd
277,hropwv
278,dhwkj
279,xoftuil
280,snocs
281,dnmrz
282,jkqslkh
283,mwynfz
284,fluplyo
285,oimpt
286,ovzal
287,smgko
288,yegna
289,mckxj
290,hhjoiq
291,ouulx
292,sidte
293,swyxgl
294,jsenmhl
295,agxtri
296,ugfujp
297,lezlaaa
298,oerbopa
299,vonncz
300,fomwi
301,wdisdsx
302,wpmtnh
303,pqrwfb
304,wgfoooc
305,naoiw
306,pecvxv
307,vwaql
308,dwoazbl
309,bglhg
310,nkmhap
311,mwjazoe
312,soyytz
313,gccek
314,nsjivrz
315,hcbdey
316,lrpnl
317,pwcwl
318,jrdvv
319,rhfiv
320,quvija
321,fzrlq
322,fmhznl
323,zggaw
324,vnoika
325,zuzery
326,hymbri
327,vztfc
328,qpvkrd
329,ydlqru
330,pbvlcpl
331,arivon
332,iyrjwu
333,yazbz
334,zcdqo
335,kezlmoe
336,openzn
337,gsnlav
338,hdosd
339,vcbjd
340,jalftwl
341,jitln
342,bjygduw
343,hxydj
344,ootgsk
345,tmwzfb
346,eodba
347,zzzvczs
348,daejini
349,mirxqy
350,nfrhdsf
351,tyikfw
352,zewqdda
353,ejkjg
354,kxhzbg
355,zxvmi
356,lqvgx
357,eibgol
358,zzbqsn
359,zgiyk
360,gfoaxs
361,pmwlgi
362,cxrvgoa
363,kwsqo
364,mjfabvc
365,fqmuphn
366,dsyaj
367,pofdhbe
368,ddfqc
369,jnankxe
370,yxlkth
371,icnrx
372,xkjncop
373,ucjeguv
374,okdtj
375,reqpc
376,xhehi
377,surdn
378,cuzrp
379,lztqbth
380,xmjhlo
381,lziga
382,kuanhy
383,glfuci
384,ftewbc
385,idllkl
386,dknuncz
387,kmmwqsh
388,pkhiay
389,hgbsu
390,yzecer
391,qquym
392,zpfbw
393,isoafyo
394,netzclx
395,dalyuv
396,rxmprl
397,krqrv
398,ixdovbc
399,zwshlmi
400,wlxwper
401,tkgovm
402,uekqucc
403,xyfnd
404,wlned
405,prcqmbs
406,lxomv
407,stywj
408,dojac
409,sxznnyn
410,rzsmrb
411,rjvsiw
412,wgcdpb
413,xkauiqw
414,ujgqi
415,dqvejx
416,fjrqmh
417,aapug
418,rmnhfy
419,zmvovyr
420,vdpwdq
421,rvqeax
422,caugk
423,vpmsdd
424,eaullm
425,afmdc
426,maccedg
427,aneltlr
428,dubncnc
429,fsiaqpx
430,lapgf
431,qeppyo
432,ziyypxm
433,ajhxtci
434,voyqzrd
435,hndjp
436,ttqosr
437,kanefu
438,jnstid
439,fewaxfq
440,gndtv
441,qkmzeh
442,optjl
443,rashxrs
444,soxiodh
445,wnotrr
446,twarxhh
447,xuprc
448,xiuesr
449,trzlrd
450,ktnjx
451,kjasgd
452,lynnhj
453,agbzrs
454,ttrkm
455,ugsctl
456,zmcksd
457,abfpmdn
458,suloiyq
459,juiqs
460,jfnbxn
461,odmlp
462,isfqoi
463,khggtge
464,nqabf
465,uofmf
466,glrjg
467,bsetflf
468,grhxrju
469,rxnhhmo
470,yaznuho
471,pwifww
472,aetpp
473,hnxdgg
474,saxzz
475,ikvuhfn
476,wakdy
477,kycxyp
478,wgixta
479,wroikx
480,nfergf
481,zwzml
482,rpymj
483,cbcks
484,riuou
485,qyakt
486,wfusst
487,lfhhc
488,czjiqxe
489,fdohay
490,rgatmk
491,fbywny
492,biayou
493,vzrlxn
494,iozfse
495,sgwuqn
496,myvfb
497,jsttl
498,bddkba
499,sodvil
500,ufsdqrr
501,ppmeswd
502,tyoremx
503,bfhiw
504,ygtpv
505,kqwvb
506,wzkiugg
507,kwqqz
508,qjaoru
509,cqmsv
510,hgiejgx
511,ogscnof
512,vkfkrk
513,klvtu
514,tghelmw
515,nmknywy
516,dinxk
517,iwralcc
518,kxnfag
519,veiqqp
520,ixzstsi
521,hplchdv
522,lfagnv
523,ougxcn
524,bawkoor
525,wtpyrj
526,berxwn
527,dxcmyb
528,zqyjmq
529,qeefie
530,afybhkj
531,thhwn
532,yoaiy
533,rubbyco
534,xtrpasc
535,xstpm
536,dznart
537,bkpkwx
538,taruqar
539,rzfdjm
540,hlglmib
541,qbksju
542,dwazz
543,zvcclp
544,nkjxaof
545,muolb
546,svmytxr
547,spqsp
548,kqoekjj
549,evqler
550,pzfyblf
551,hikoit
552,svpexp
553,vvrhcrm
554,mprpm
555,avtsin
556,kesaw
557,drhji
558,wqxplj
559,dwabtd
560,brpucc
561,altlg
562,frlmjs
563,eqzdhpb
564,xrdmnid
565,igxwlb
566,zsqyskp
567,hgmgsej
568,gmmylmb
569,xencfyk
570,gxomywu
571,pnnid
572,woxyjb
573,dctkusg
574,uwpku
575,cwfrlvw
576,otmlgfx
577,xretsu
578,rajkck
579,rqadkv
580,rknag
581,bkchl
582,amvirkb
583,yvvpdoy
584,vjaruyf
585,vhpsuu
586,dryvtc
587,ijemyd
588,exmqv
589,wczgq
590,bazshso
591,liiiuob
592,srzhc
593,cfbgmh
594,ojmyzo
595,pjzzf
596,ucbnsi
597,bvhhh
598,xdebcyb
599,gazrdj
600,qvsab
601,uzkmdt
602,itytwc
603,vgcboe
604,rlafih
605,sfxavu
606,ptcib
607,gxozyu
608,nqhinqw
609,dnpdi
610,xlyiaqq
611,hqovwsf
612,fhryndz
613,xmbmixk
614,dnjzh
615,nnengqs
616,eqktqt
617,wpmybyc
618,awkgy
619,pnjlmfx
620,zmezbgt
621,tojsi
622,tdzbx
623,mkqqkx
624,uyfpwi
625,txyuy
626,gdhhvst
627,tpcqu
628,oeqjfvn
629,zhxmge
630,nqtgq
631,uigde
632,ehaazq
633,fssdb
634,vdebu
635,ojnxl
636,lijaday
637,qdkbh
638,dohythe
639,tkovb
640,qbexh
641,ztynzu
642,ctgkuj
643,yjcgkuz
644,lwilc
645,jtigtnw
646,ztwqjcc
647,tyrntsj
648,ylrdo
649,huztvl
650,uoxjpu
651,obctwe
652,agnuwf
653,kbfrtqq
654,grrkei
655,riudvb
656,enltan
657,iuudiy
658,jvzni
659,pjaqo
660,nargucc
661,vbvwqt
662,fwpfahh
663,hqmxlnz
664,yjefhc
665,gsjccq
666,pjjwvv
667,ypdycpw
668,anywu
669,qsoqa
670,ujdign
671,oonuwg
672,ymorzvd
673,kncbij
674,qurjxn
675,rvrruhj
676,zbowh
677,nywfvws
678,jsxnsq
679,cikhvd
680,xshquki
681,urppkfj
682,jjmxmf
683,bepstw
684,opvwd
685,xlkwb
686,rorknr
687,wrjdswh
688,xiespn
689,zsyilxc
690,eyxdqcl
691,ekeiumi
692,kqhfo
693,vgztl
694,tydfa
695,kfdjziv
696,eihgisy
697,mtglkuw
698,pqkauei
699,iygddsj
700,rpnvmbr
701,qgkqomb
702,fdldhqh
703,saiajco
704,ypedage
705,acitla
706,siclldw
707,sjdur
708,vfwljm
709,jcncr
710,wehwmt
711,bawjj
712,khigxrt
713,tcbqsj
714,tgbii
715,rgtrt
716,gevhp
717,bzscf
718,xtgzdrx
719,hbqnu
720,iljikot
721,uzzef
722,hmcop
723,xtykj
724,bapyg
725,qfnyx
726,lxyex
727,efvdg
728,jcfpixs
729,psshwju
730,utumqo
731,zhadwo
732,kmfzx
733,zomzue
734,iwcbk
735,uguqm
736,hfixlrx
737,znfaobu
738,gnbfim
739,dooxrkg
740,dluili
741,udgxf
742,ocupgwl
743,shpzkt
744,emsrl
745,rafmoy
746,yojptyz
747,hsarytc
748,ntinkue
749,yimddq
750,bkqfypc
751,cddzlka
752,tylwdwl
753,cjzwkh
754,xqbicja
755,fphxzj
756,zvduwk
757,uvhdl
758,gimwoal
759,zgjma
760,totwpzp
761,cerxv
762,tfzfd
763,xiredp
764,kkbcu
765,yofng
766,wrrgpnk
767,kxpxkm
768,gzopsb
769,obsxn
770,zpwkk
771,modox
772,qiesrfw
773,pwroyq
774,xrqlu
775,lyzktwk
776,ipnwb
777,vnazngo
778,lnlykn
779,ujmjswz
780,veihde
781,nirixim
782,ehexlc
783,qnchzs
784,xhojwxq
785,pjvzkyt
786,ybwpnk
787,psnhw
788,dnbsj
789,dzmvfdf
790,lnitzuy
791,rmtqnuc
792,ioxiobv
793,yezgmw
794,ajdadca
795,sukzbpx
796,mlerwr
797,bcwwqd
798,nxxjdc
799,skbxt
800,vfwfz
801,geczel
802,nmkacdx
803,hywhjqv
804,yvdwr
805,bocvdk
806,alholo
807,aiurb
808,kiwlvr
809,eozjpz
810,rwtmr
811,mcxdy
812,libqyc
813,rykspte
814,hdujuo
815,roxka
816,ypthb
817,rkoruy
818,wbepj
819,hrhplg
820,uffzuw
821,jzrctty
822,xlcou
823,nxyfytn
824,kmrclj
825,optfc
826,chjezp
827,zmfdo
828,sdyllk
829,apuqby
830,jprofuq
831,ephxho
832,tfrupa
833,szmza
834,paspwfl
835,nsuwgq
836,rdsde
837,obeuc
838,yrezrj
839,onilp
840,hwlwwr
841,fdvbq
842,bnszs
843,newrx
844,cyyray
845,oygbpo
846,osblrkg
847,lrhbkx
848,mwyctd
849,yihde
850,xuookim
851,oddsrr
852,wvsqy
853,khvei
854,ivtmgst
855,mqgspz
856,zguzxt
857,mzfux
858,nxkdpf
859,csald
860,hyfkix
861,xysvef
862,nbeizjj
863,vbtop
864,lwwij
865,ifckag
866,miucsoe
867,yzputl
868,qojmu
869,vzpgtv
870,xzpdk
871,bwvypc
872,vosouov
873,imootb
874,ayqdw
875,ounbtj
876,funii
877,lphoqmb
878,xmnicil
879,xibxjg
880,rviyoyb
881,scefhol
882,lzdds
883,jwippvs
884,ezsfgv
885,ffolqsc
886,wzjql
887,urlog
888,xkpxieh
889,wvigdv
890,piplk
891,toxsoy
892,rqlrsky
893,jfsntl
894,bpnreg
895,yvrkvru
896,plxqfwy
897,zeclo
898,wrpwb
899,nsvjt
900,nbaovx
901,yyhov
902,oevuno
903,diybexq
904,wgghmkv
905,pdarow
906,yfuery
907,oqanlyt
908,mojxbq
909,ptuokro
910,fgpbd
911,urqwetv
912,sdzgjc
913,xpiva
914,lkhrl
915,qgmtdfj
916,swtezms
917,keprs
918,yjita
919,egncn
920,hackuqy
921,zaiur
922,oseihpr
923,jxbzz
924,jtirgg
925,dwskuxf
926,wfxmygh
927,nsnfwr
928,rmoyev
929,dpawhc
930,lfyfwp
931,dvijvke
932,lioyt
933,emksnz
934,yphvdyy
935,jsjpwt
936,setzaiu
937,upqohoi
938,awldirl
939,wljzcj
940,ogcjjo
941,ysxwnts
942,czqrq
943,boyupi
944,irqxub
945,ndukdea
946,urpoe
947,etltp
948,mnvtsqf
949,itmzylm
950,gtlek
951,rmoyhev
952,krobtpv
953,qryknp
954,gsljkn
955,mjwfxvl
956,bqcwoiy
957,cnsvhw
958,ecaslj
959,zwdymy
960,twkqvij
961,wcrzn
962,kgjxwpx
963,ohvmeui
964,jndejv
965,ahkfrl
966,tkhoq
967,cyfyxh
968,orios
969,vgmqpj
970,kbwfi
971,zeiha
972,zjedsz
973,pfqcob
974,uhnbnlg
975,zsxuzlb
976,kosez
977,vvtrzk
978,zolgwj
979,mwfwvuv
980,lfrun
981,biqos
982,ngbpbia
983,xotsdr
984,mzaelgr
985,tfedylz
986,ametb
987,ytwox
988,urvluad
989,gckyn
990,ptlyru
991,polxcuf
992,gxyergv
993,dgbopg
994,mueheb
995,hytuolu
996,txliv
997,iiiomxz
998,bjayxz
999,waabvdn
1000,kpmyzg
